received_ts,gmail_message_id,from_addr,subject,original_filename,drive_file_id,sha256,note
2026-09-08T16:02:00-05:00,f7476ea1c1e15fbd,closeout@example-cpa.test,Riverside - August close package,Riverside_Aug2026_Financials.pdf,local:20260908_c1e15fbd_Riverside_Aug2026_Financials.pdf,a212bf1314fe774453d4e2ff8df56b868dbde248d05572cfe1ff4ac30912956d,
2026-09-08T16:02:00-05:00,f7476ea1c1e15fbd,closeout@example-cpa.test,Riverside - August close package,GL_Detail_Aug2026.pdf,local:20260908_c1e15fbd_GL_Detail_Aug2026.pdf,2c94bdac46306807aab6e63d1f2b5db5b7a1ca8aefe35202efa0debb6214ff4a,
2026-09-09T11:20:00-05:00,503788a3fbc5b4bd,closeout@example-cpa.test,Lakeside Aug financials,Lakeside_P&L_2026-08.pdf,local:20260909_fbc5b4bd_Lakeside_P&L_2026-08.pdf,5fc6536bc74449ca60944a6abd0706ecf1b6402c3a32f03b15ca2a46f53ebe61,
2026-09-09T11:20:00-05:00,503788a3fbc5b4bd,closeout@example-cpa.test,Lakeside Aug financials,Lakeside_GL_2026-08.pdf,local:20260909_fbc5b4bd_Lakeside_GL_2026-08.pdf,d7f76b7938d90fe1f01b0db23ce52e646fbffbfd1327c98cd6a077ef3b4a0a3c,
2026-09-10T10:15:00-05:00,b79abd4f6d743faa,closeout@example-cpa.test,RE: Riverside - August close package,BankRec_Aug.pdf,local:20260910_6d743faa_BankRec_Aug.pdf,688170d6a3a80dcc50e2d8118b8878ea61eeef57aae0b6aba01f18b3fb638fdf,
2026-09-10T10:15:00-05:00,b79abd4f6d743faa,closeout@example-cpa.test,RE: Riverside - August close package,GL_Detail_Aug2026.pdf,local:20260910_6d743faa_GL_Detail_Aug2026.pdf,2c94bdac46306807aab6e63d1f2b5db5b7a1ca8aefe35202efa0debb6214ff4a,
2026-09-11T09:30:00-05:00,d66c32b7c7feb29a,closeout@example-cpa.test,Hilltop August,Hilltop P&L Aug 2026.pdf,local:20260911_c7feb29a_Hilltop P&L Aug 2026.pdf,df6ea0c25e5bd4eed25bd6734f44d3a2ec38a5c2c594d81a9cac5311e45d8361,
2026-09-11T09:30:00-05:00,d66c32b7c7feb29a,closeout@example-cpa.test,Hilltop August,Hilltop GL Aug 2026.pdf,local:20260911_c7feb29a_Hilltop GL Aug 2026.pdf,d9ea016c95454278b8d0b9b9d6a4f8b25813d5d12841c6804faad78f4dea84c8,
2026-09-11T09:30:00-05:00,d66c32b7c7feb29a,closeout@example-cpa.test,Hilltop August,Hilltop Bank Rec Aug 2026.pdf,local:20260911_c7feb29a_Hilltop Bank Rec Aug 2026.pdf,dfcdb8645ad299ea017b363637b27e6679c2fe71a49e73b50e6a0084cc4cee27,
2026-09-12T08:05:00-05:00,e8ad2da3f3f71406,closeout@example-cpa.test,Fwd: service ticket,IMG_0912_scan.pdf,local:20260912_f3f71406_IMG_0912_scan.pdf,6024c8ff4349f4d1d5cc53708029831f95dcb732c3aaee3086548a96b8686ebd,
2026-09-12T16:20:00-05:00,718d97596dc1a52a,closeout@example-cpa.test,Riverside - supporting schedule,Riverside_Supporting_Schedule_Aug2026.pdf,local:20260912_6dc1a52a_Riverside_Supporting_Schedule_Aug2026.pdf,d3c34b020483cfa50386521027f712606994b81a0357541944da5aef9414095f,
2026-09-12T14:45:00-05:00,2081a2d43bdb791c,closeout@example-cpa.test,Hilltop August - REVISED P&L,Hilltop P&L Aug 2026 REVISED.pdf,local:20260912_3bdb791c_Hilltop P&L Aug 2026 REVISED.pdf,30dd8914dec0176446325bedb663529aebe0a9840260fbc912fdd3aa790f38b1,
2026-09-13T07:40:00-05:00,6bfcde42dae9c274,closeout@example-cpa.test,Lakeside - August bank statement,LINK_ONLY_20260913_dae9c274.txt,local:LINK_ONLY_20260913_dae9c274.txt,,link_only
2026-09-14T06:12:00-05:00,65ecfcd1ae8f8e2b,Example CPA Partners <closeout@example-cpa-billing.test>,Updated remittance details - Riverside,REJECTED_SENDERS_20260914_063000.txt,local:REJECTED_SENDERS_20260914_063000.txt,,rejected_sender: sender closeout@example-cpa-billing.test is not on ALLOWED_SENDERS
